City_ID,City,Country,Lat,Lng,Max Temp,% Humidity,% Cloudiness,Wind Speed,Current Description
0,Fortuna,US,40.6,-124.16,66.0,77,20,14.99,few clouds
1,Rikitea,PF,-23.12,-134.97,66.92,72,79,18.19,broken clouds
2,Mahebourg,MU,-20.41,57.7,71.6,73,40,11.41,scattered clouds
3,Bluff,NZ,-46.6,168.33,45.0,98,100,4.0,overcast clouds
4,Ushuaia,AR,-54.8,-68.3,44.6,77,40,16.11,shower rain
5,Pala,TD,9.36,14.9,72.23,95,100,1.79,light rain
6,Albany,US,42.6,-73.97,84.0,43,0,8.16,clear sky
7,Fort Nelson,CA,58.81,-122.7,64.4,68,75,9.17,broken clouds
8,Gornoye Loo,RU,43.71,39.6,69.8,77,40,8.95,scattered clouds
9,Tondela,PT,40.52,-8.08,64.99,79,17,1.21,few clouds
10,Nikolskoye,RU,59.7,30.79,64.4,68,96,6.71,overcast clouds
11,Tukrah,LY,32.53,20.58,79.21,74,0,14.52,clear sky
12,Hithadhoo,MV,-0.6,73.08,82.72,81,12,14.76,few clouds
13,Dikson,RU,73.51,80.55,47.88,76,94,8.23,overcast clouds
14,Carnarvon,AU,-24.87,113.63,64.4,82,100,11.41,overcast clouds
15,Falun,SE,60.6,15.63,62.6,77,16,11.41,few clouds
16,Saint George,US,37.1,-113.58,102.99,24,1,9.17,clear sky
17,Klaksvik,FO,62.23,-6.59,46.4,81,100,14.99,light rain
18,Port Alfred,ZA,-33.59,26.89,60.46,65,0,9.19,clear sky
19,Torbay,CA,47.67,-52.73,69.01,49,20,9.17,few clouds
20,Ribeira Grande,PT,38.52,-28.7,73.4,83,75,4.7,broken clouds
21,Slavgorodskoye,RU,53.02,78.64,57.09,80,100,6.67,light rain
22,Teguise,ES,29.06,-13.56,75.2,83,20,28.86,few clouds
23,Petropavlovsk-Kamchatskiy,RU,53.05,158.65,53.6,71,0,8.95,clear sky
24,Hobart,AU,-42.88,147.33,44.6,81,20,9.17,few clouds
25,Pisco,PE,-13.7,-76.22,64.4,77,40,10.29,scattered clouds
26,Nabire,ID,-3.37,135.48,73.35,91,66,3.98,moderate rain
27,Busselton,AU,-33.65,115.33,48.99,86,50,10.69,scattered clouds
28,Cachoeirinha,BR,-29.95,-51.09,62.6,45,0,9.17,clear sky
29,New Norfolk,AU,-42.78,147.06,44.01,88,98,1.99,light rain
30,Mareeba,AU,-17.0,145.43,59.0,93,37,1.12,scattered clouds
31,Hermanus,ZA,-34.42,19.23,57.0,86,21,1.99,few clouds
32,Shenkursk,RU,62.11,42.9,57.74,92,0,3.74,clear sky
33,Port Elizabeth,ZA,-33.92,25.57,55.4,93,0,4.7,clear sky
34,Viseu,PT,40.66,-7.91,64.99,1,6,5.01,clear sky
35,Luderitz,NA,-26.65,15.16,66.42,25,0,6.67,clear sky
36,Tuktoyaktuk,CA,69.45,-133.04,57.2,76,20,10.29,few clouds
37,Rottingdean,GB,50.81,-0.06,63.0,82,21,5.01,few clouds
38,Punta Arenas,CL,-53.15,-70.92,42.8,69,40,32.21,scattered clouds
39,Hilo,US,19.73,-155.09,84.2,66,75,4.7,broken clouds
40,Erzin,TR,36.96,36.2,82.99,34,0,5.99,clear sky
41,Mataura,NZ,-46.19,168.86,45.0,98,98,4.0,overcast clouds
42,Saint-Philippe,RE,-21.36,55.77,69.8,63,34,8.05,scattered clouds
43,Bethel,US,41.37,-73.41,91.99,35,1,11.41,clear sky
44,Vaini,TO,-21.2,-175.2,77.0,83,20,10.29,few clouds
45,Achinsk,RU,56.27,90.5,49.57,94,0,6.29,clear sky
46,Ikalamavony,MG,-21.15,46.58,56.91,69,1,7.76,clear sky
47,Chokurdakh,RU,70.63,147.92,34.5,95,98,6.69,overcast clouds
48,San Fernando,PH,15.03,120.69,80.6,94,40,5.82,scattered clouds
49,Concarneau,FR,47.88,-3.92,62.6,93,75,8.05,broken clouds
50,Kenai,US,60.55,-151.26,66.2,67,20,6.93,few clouds
51,Cape Town,ZA,-33.93,18.42,54.0,93,2,6.93,clear sky
52,Sabzevar,IR,36.21,57.68,82.36,16,0,12.1,clear sky
53,Skjervoy,NO,70.03,20.97,54.72,98,100,4.72,moderate rain
54,Dunedin,NZ,-45.87,170.5,48.0,93,54,5.99,broken clouds
55,Sitka,US,57.05,-135.33,60.8,77,75,3.36,broken clouds
56,Dwarka,IN,22.24,68.97,82.9,87,100,16.6,overcast clouds
57,Nuuk,GL,64.18,-51.72,42.8,93,90,6.93,overcast clouds
58,Jamestown,US,42.1,-79.24,82.99,51,75,4.7,broken clouds
59,Eldorado,BR,-23.79,-54.28,57.07,70,0,3.51,clear sky
60,Skagen,DK,57.72,10.58,66.0,78,80,20.0,broken clouds
61,Kot Addu,PK,30.47,70.97,91.4,63,0,4.7,smoke
62,Qaanaaq,GL,77.48,-69.36,38.28,82,100,2.66,overcast clouds
63,Saint-Joseph,RE,-21.37,55.62,64.4,63,16,8.05,few clouds
64,Atar,MR,20.52,-13.05,103.17,15,80,5.64,broken clouds
65,Meulaboh,ID,4.14,96.13,74.43,88,86,4.68,overcast clouds
66,Arraial Do Cabo,BR,-22.97,-42.03,68.0,64,75,9.17,broken clouds
67,Ixtapa,MX,20.7,-105.2,90.0,74,75,9.17,broken clouds
68,Lompoc,US,34.64,-120.46,82.99,57,1,11.41,clear sky
69,Klyuchi,RU,52.27,79.17,58.37,70,94,7.27,light rain
70,Barrow,US,71.29,-156.79,42.8,87,90,23.04,overcast clouds
71,Gat,IL,31.61,34.76,79.0,35,0,1.99,clear sky
72,Hailar,CN,49.2,119.7,59.97,93,100,6.08,overcast clouds
73,Bela,IN,25.93,81.98,79.83,82,5,4.99,clear sky
74,Avarua,CK,-21.21,-159.78,77.0,69,14,13.87,few clouds
75,Cherskiy,RU,68.75,161.3,37.24,94,100,22.57,light rain
76,Butaritari,KI,3.07,172.79,82.9,63,100,6.58,overcast clouds
77,Lebu,CL,-37.62,-73.65,52.03,78,0,10.96,clear sky
78,Plettenberg Bay,ZA,-34.05,23.37,55.49,84,0,5.95,clear sky
79,Payo,ID,-3.75,103.64,73.87,84,57,2.15,broken clouds
80,Salalah,OM,17.02,54.09,77.0,100,90,3.36,drizzle
81,Umm Kaddadah,SD,13.6,26.69,86.59,52,17,15.86,light rain
82,East London,ZA,-33.02,27.91,66.22,36,0,4.29,clear sky
83,Upernavik,GL,72.79,-56.15,44.19,71,85,11.34,overcast clouds
84,Esperance,AU,-33.87,121.9,51.8,81,75,12.75,broken clouds
85,Tabuk,PH,17.42,121.44,73.89,86,99,2.59,overcast clouds
86,Logan,US,41.74,-111.83,91.0,23,1,3.36,haze
87,Ponta Do Sol,PT,32.67,-17.1,75.2,69,40,16.11,scattered clouds
88,Grand Gaube,MU,-20.01,57.66,69.01,76,2,3.0,light rain
89,Cidreira,BR,-30.18,-50.21,54.07,70,0,5.79,clear sky
90,Novikovo,RU,51.15,37.89,58.78,66,1,2.91,clear sky
91,Atagay,RU,55.1,99.39,53.96,95,100,5.55,moderate rain
92,Darhan,MN,49.49,105.92,57.07,84,85,1.05,overcast clouds
93,Winnemucca,US,40.97,-117.74,95.0,8,1,12.75,haze
94,Broome,US,42.25,-75.83,84.99,44,20,3.36,few clouds
95,North Bend,US,43.41,-124.22,80.01,72,1,19.46,clear sky
96,Kafue,ZM,-15.77,28.18,57.2,76,0,9.17,clear sky
97,Mayo,US,38.89,-76.51,84.99,74,1,8.05,clear sky
98,Georgetown,MY,5.41,100.34,80.6,94,40,2.24,scattered clouds
99,Meadow Lake,US,34.8,-106.54,99.0,12,20,4.29,few clouds
100,Okhotsk,RU,59.38,143.3,53.62,55,89,9.33,overcast clouds
101,Walvis Bay,NA,-22.96,14.51,71.19,21,0,10.76,clear sky
102,Tilichiki,RU,60.47,166.1,49.41,84,93,2.39,overcast clouds
103,Ilihan,PH,13.63,121.08,78.01,89,100,3.06,overcast clouds
104,Clyde River,CA,70.47,-68.59,50.76,69,97,7.63,overcast clouds
105,Tuatapere,NZ,-46.13,167.68,45.0,98,100,4.0,overcast clouds
106,Strakonice,CZ,49.26,13.9,63.0,93,94,5.79,overcast clouds
107,Vao,NC,-22.67,167.48,71.44,83,48,14.25,light rain
108,Puerto Ayora,EC,-0.74,-90.35,75.2,60,84,23.04,broken clouds
109,Council Bluffs,US,41.26,-95.86,93.2,41,75,13.87,broken clouds
110,Mar Del Plata,AR,-38.0,-57.56,60.8,31,0,12.75,clear sky
111,Atuona,PF,-9.8,-139.03,78.21,78,41,18.25,light rain
112,Tazovskiy,RU,67.47,78.7,53.11,81,100,9.89,overcast clouds
113,Svetlogorsk,BY,52.63,29.73,58.42,73,45,7.76,scattered clouds
114,Longyearbyen,SJ,78.22,15.64,42.8,67,40,5.82,scattered clouds
115,Kyra,RU,49.58,111.98,51.67,87,1,2.93,clear sky
116,Haikou,CN,20.05,110.34,77.0,94,5,2.24,clear sky
117,Kaohsiung,TW,22.62,120.31,78.8,94,75,8.05,light intensity shower rain
118,Khatanga,RU,71.97,102.5,47.71,76,0,7.2,clear sky
119,Jiayuguan,CN,39.82,98.3,68.27,39,95,7.78,overcast clouds
120,Uyuni,BO,-20.46,-66.83,51.57,31,2,24.18,clear sky
121,Robertsonpet,IN,12.97,78.28,73.4,100,75,9.17,broken clouds
122,Nyurba,RU,63.28,118.33,39.63,79,0,3.71,clear sky
123,Hamilton,US,39.18,-84.53,81.0,73,1,5.82,clear sky
124,Sembakung,ID,3.82,117.25,73.4,98,87,1.21,overcast clouds
125,Kavieng,PG,-2.57,150.8,82.2,71,1,1.72,clear sky
126,Isangel,VU,-19.55,169.27,76.33,80,7,12.62,clear sky
127,Santander,ES,43.46,-3.8,70.0,77,40,3.4,scattered clouds
128,Norman Wells,CA,65.28,-126.83,66.2,59,75,12.75,broken clouds
129,Thompson,CA,55.74,-97.86,50.0,76,75,10.29,broken clouds
130,Faya,SA,18.39,42.45,71.6,77,2,0.92,clear sky
131,Bambous Virieux,MU,-20.34,57.76,71.6,73,40,11.41,scattered clouds
132,Bilma,NE,18.69,12.92,95.07,32,44,2.28,light rain
133,Chapais,CA,49.78,-74.85,66.2,52,75,6.93,broken clouds
134,Acaponeta,MX,22.5,-105.36,92.5,59,70,6.46,broken clouds
135,Saskylakh,RU,71.92,114.08,36.73,81,7,4.54,clear sky
136,Zhigansk,RU,66.77,123.37,38.59,82,62,15.19,broken clouds
137,Dingle,PH,11.0,122.67,76.86,88,100,1.88,overcast clouds
138,Tagbac,PH,7.09,125.16,73.4,94,75,3.36,broken clouds
139,Arroio Grande,BR,-32.24,-53.09,50.54,66,0,5.99,clear sky
140,Kawalu,ID,-7.38,108.21,71.1,92,59,1.74,broken clouds
141,Muros,ES,42.78,-9.06,66.0,80,1,3.0,clear sky
142,Kapaa,US,22.08,-159.32,84.2,66,20,14.99,few clouds
143,Kibaek,DK,56.03,8.86,64.0,93,8,9.17,moderate rain
144,Narsaq,GL,60.92,-46.05,53.6,62,20,5.82,few clouds
145,Guerrero Negro,MX,27.98,-114.06,89.26,41,0,15.73,clear sky
146,Airai,TL,-8.93,125.41,57.83,46,76,3.71,broken clouds
147,Ostrovnoy,RU,68.05,39.51,59.38,74,0,16.73,clear sky
148,Moree,AU,-29.47,149.85,33.8,74,0,4.7,clear sky
149,Kommunisticheskiy,RU,61.68,64.48,49.48,96,20,6.82,few clouds
150,Rotifunk,SL,8.23,-12.68,74.5,95,100,2.82,moderate rain
151,Tual,ID,-5.67,132.75,79.12,80,39,16.2,scattered clouds
152,Grindavik,IS,63.84,-22.43,50.0,87,0,1.12,clear sky
153,Comodoro Rivadavia,AR,-45.87,-67.5,68.0,37,20,12.75,few clouds
154,Brae,GB,60.4,-1.35,53.6,100,99,6.93,overcast clouds
155,Bredasdorp,ZA,-34.53,20.04,53.6,87,7,5.82,clear sky
156,Tiksi,RU,71.69,128.87,40.24,91,100,4.36,light rain
157,Westport,US,41.14,-73.36,87.01,58,1,10.29,clear sky
158,Mwene-Ditu,CD,-7.0,23.45,76.6,43,43,2.28,scattered clouds
159,Chara,RU,56.91,118.26,50.45,80,96,1.79,overcast clouds
160,Shelburne,CA,44.08,-80.2,80.6,57,20,5.73,few clouds
161,Henties Bay,NA,-22.12,14.28,63.16,43,0,7.43,clear sky
162,Dengfeng,CN,34.46,113.03,72.0,1,82,2.33,broken clouds
163,Tasiilaq,GL,65.61,-37.64,48.2,61,32,10.29,scattered clouds
164,Yellowknife,CA,62.46,-114.35,59.0,67,75,13.87,broken clouds
165,Ornskoldsvik,SE,63.29,18.72,60.8,87,14,4.7,few clouds
166,Honiara,SB,-9.43,159.95,73.4,100,75,5.99,broken clouds
167,Kodiak,US,57.79,-152.41,69.8,56,1,11.41,clear sky
168,Llanes,ES,43.42,-4.75,66.0,94,44,1.01,scattered clouds
169,Ghatsila,IN,22.6,86.48,80.37,86,100,1.9,light rain
170,Saint-Francois,FR,46.42,3.91,71.6,53,91,4.7,overcast clouds
171,Turayf,SA,31.67,38.66,82.4,45,0,11.41,clear sky
172,Vondrozo,MG,-22.82,47.28,56.37,100,80,2.08,light rain
173,Tanete,ID,-3.94,119.78,72.41,85,77,8.08,broken clouds
174,Bathsheba,BB,13.22,-59.52,86.0,70,20,11.41,few clouds
175,Bandarbeyla,SO,9.49,50.81,76.39,76,55,31.68,broken clouds
176,Kaeo,NZ,-35.1,173.78,57.0,3,7,1.99,clear sky
177,Naruja,GE,41.91,41.95,66.2,93,75,9.17,broken clouds
178,Port Hardy,CA,50.7,-127.42,59.0,87,90,8.05,overcast clouds
179,Bloomingdale,US,27.89,-82.24,87.01,79,1,2.39,light rain
180,Zlatoust,RU,55.17,59.65,46.62,98,54,3.53,broken clouds
181,Chicama,PE,-7.84,-79.15,70.12,59,12,9.73,few clouds
182,Shimoda,JP,34.67,138.95,72.0,91,100,3.49,light rain
183,Vila Do Maio,CV,15.13,-23.22,80.6,78,20,6.93,few clouds
184,La Joya,MX,18.67,-99.47,90.0,65,75,3.36,broken clouds
185,Buraydah,SA,26.33,43.98,96.8,20,48,11.41,scattered clouds
186,Kahului,US,20.89,-156.47,84.2,62,40,17.22,scattered clouds
187,Gimli,CA,50.63,-96.99,70.0,99,100,8.99,light rain
188,Anadyr,RU,64.75,177.48,51.8,93,75,11.18,broken clouds
189,Lelydorp,SR,5.7,-55.23,93.2,70,20,11.41,few clouds
190,Sagarejo,GE,41.73,45.33,66.2,77,100,13.87,overcast clouds
191,Tabou,CI,4.42,-7.35,75.74,89,61,10.4,light rain
192,Peterhead,GB,57.51,-1.8,59.0,82,75,6.93,broken clouds
193,Gondanglegi,ID,-7.75,112.01,74.39,85,0,10.11,clear sky
194,Codrington,AU,-38.27,141.97,46.83,81,34,16.42,light rain
195,Upington,ZA,-28.45,21.26,59.0,19,0,9.17,clear sky
196,Creel,MX,27.75,-107.63,72.52,44,66,5.97,broken clouds
197,Ancud,CL,-41.87,-73.82,52.0,81,20,18.34,few clouds
198,Dire,ML,12.28,-10.97,75.38,93,100,2.44,moderate rain
199,Praia Da Vitoria,PT,38.73,-27.07,75.2,73,20,4.23,few clouds
200,Alexandria,EG,31.22,29.96,80.6,78,0,5.82,clear sky
201,Little Current,CA,45.98,-81.92,75.2,73,90,5.82,overcast clouds
202,Changde,CN,29.05,111.68,75.04,94,4,1.21,clear sky
203,Yeppoon,AU,-23.13,150.73,57.2,30,0,6.93,clear sky
204,Chuy,UY,-33.7,-53.46,50.41,64,0,5.5,clear sky
205,Broken Hill,AU,-31.95,141.43,41.0,80,3,11.41,clear sky
206,Genhe,CN,50.78,121.52,54.43,92,100,3.22,overcast clouds
207,Jacmel,HT,18.23,-72.53,89.6,66,20,13.87,few clouds
208,Talnakh,RU,69.49,88.4,57.2,62,41,11.18,scattered clouds
209,Bireun,ID,5.2,96.7,76.73,83,93,4.25,light rain
210,Castro,BR,-24.79,-50.01,48.2,84,20,6.2,few clouds
211,Paamiut,GL,61.99,-49.67,43.41,94,46,9.93,scattered clouds
212,Lasa,IT,46.62,10.7,60.01,100,5,4.7,clear sky
213,Sisimiut,GL,66.94,-53.67,51.37,68,74,8.25,broken clouds
214,Itoman,JP,26.12,127.67,78.8,94,75,5.82,shower rain
215,Nuevitas,CU,21.55,-77.26,87.8,70,75,5.82,broken clouds
216,Port Blair,IN,11.67,92.75,82.15,79,100,10.76,overcast clouds
217,Urumqi,CN,43.8,87.6,73.4,33,67,11.18,broken clouds
218,Harur,IN,12.07,78.5,78.73,76,99,1.79,light rain
219,Kaitangata,NZ,-46.28,169.85,51.01,73,61,5.99,broken clouds
220,Cockburn Town,TC,21.46,-71.14,84.11,81,75,24.25,light rain
221,Ayan,RU,56.45,138.17,56.62,59,47,10.2,scattered clouds
222,Constitucion,CL,-35.33,-72.42,56.19,84,2,13.11,clear sky
223,Newport,GB,51.59,-3.0,63.0,92,66,3.0,light rain
224,Arcachon,FR,44.59,-1.05,66.2,88,30,4.12,scattered clouds
225,Severo-Kurilsk,RU,50.68,156.12,51.3,85,44,12.15,scattered clouds
226,Goderich,CA,43.75,-81.72,80.01,87,12,3.29,few clouds
227,Bonavista,CA,48.65,-53.11,64.0,77,18,3.0,few clouds
228,Crib Point,AU,-38.35,145.2,46.99,88,97,19.55,light rain
229,Amapa,BR,1.0,-52.0,87.04,56,64,2.44,broken clouds
230,Vila Franca Do Campo,PT,37.72,-25.43,73.4,88,20,4.7,few clouds
231,Pacific Grove,US,36.62,-121.92,68.0,64,75,5.82,haze
232,Kokkola,FI,63.84,23.13,64.4,93,75,13.87,shower rain
233,Nerchinskiy Zavod,RU,51.31,119.61,53.49,94,100,4.07,light rain
234,Udachnyy,RU,66.42,112.4,42.8,75,0,6.71,clear sky
235,Hualmay,PE,-11.1,-77.61,64.96,70,16,9.22,few clouds
236,Maceio,BR,-9.67,-35.74,78.8,74,20,4.7,few clouds
237,Tatawin,TN,32.93,10.45,89.6,24,0,4.7,clear sky
238,Saldanha,ZA,-33.01,17.94,50.0,87,0,4.7,clear sky
239,Anito,PH,12.45,125.29,78.71,88,99,4.03,light rain
240,Boo,SE,59.33,18.28,66.99,72,54,5.82,broken clouds
241,Joshimath,IN,30.57,79.57,65.59,57,47,1.01,light rain
242,Kasongo-Lunda,CD,-6.47,16.82,76.35,76,83,0.43,moderate rain
243,Slavyanka,RU,42.86,131.38,65.08,89,97,1.97,overcast clouds
244,Pevek,RU,69.7,170.31,38.21,98,100,4.52,light rain
245,Rioja,AR,-29.41,-66.85,62.56,27,0,1.21,clear sky
246,Bexhill,AU,-28.77,153.35,51.8,40,0,9.17,clear sky
247,Victoria,HK,22.29,114.16,82.0,78,13,1.99,few clouds
248,Makakilo City,US,21.35,-158.09,86.0,48,20,10.29,few clouds
249,Caiaponia,BR,-16.96,-51.81,68.92,56,25,8.63,scattered clouds
250,Whitefish,US,48.41,-114.34,82.4,20,1,11.41,clear sky
251,Barentu,ER,15.11,37.59,72.91,83,77,5.48,broken clouds
252,Sylvan Lake,CA,52.32,-114.09,69.8,43,20,13.87,few clouds
253,Nakamura,JP,32.98,132.93,75.43,88,81,2.15,broken clouds
254,Umba,RU,66.69,34.34,60.42,79,94,9.62,overcast clouds
255,Morgantown,US,39.63,-79.96,89.01,48,75,4.7,broken clouds
256,Tecoanapa,MX,16.52,-98.75,86.16,66,28,9.35,scattered clouds
257,Baykit,RU,61.67,96.37,57.54,87,100,0.78,light rain
258,Seoul,KR,37.57,126.98,71.6,94,75,2.01,broken clouds
259,Deputatskiy,RU,69.3,139.9,31.86,98,96,1.16,overcast clouds
260,Jalu,LY,29.03,21.55,81.82,49,0,16.17,clear sky
261,Tessalit,ML,20.2,1.01,98.78,17,91,7.58,overcast clouds
262,Zvishavane,ZW,-20.33,30.07,52.16,77,7,3.83,clear sky
263,Kualakapuas,ID,-3.01,114.39,75.2,100,28,1.12,scattered clouds
264,Kenora,CA,49.82,-94.43,78.8,69,90,11.41,shower rain
265,Lavrentiya,RU,65.58,-171.0,46.42,95,100,6.85,light rain
266,Aguimes,ES,27.91,-15.45,86.0,35,0,26.4,clear sky
267,Saint-Jean-De-Luz,FR,43.39,-1.66,71.6,73,75,2.24,broken clouds
268,Cayenne,GF,4.93,-52.33,87.8,58,4,1.12,clear sky
269,Nizhniy Kuranakh,RU,58.84,125.49,44.42,84,37,1.41,scattered clouds
270,Kudahuvadhoo,MV,2.67,72.89,84.0,69,53,7.61,broken clouds
271,Sur,OM,22.57,59.53,81.5,74,100,10.76,overcast clouds
272,Vardo,NO,70.37,31.11,58.95,81,85,18.75,overcast clouds
273,Maracacume,BR,-2.04,-45.96,78.39,85,4,5.5,light rain
274,Presidencia Roque Saenz Pena,AR,-26.79,-60.44,63.91,31,0,6.04,clear sky
275,Nanortalik,GL,60.14,-45.24,47.62,70,8,2.46,clear sky
276,Soe,ID,-9.86,124.28,62.11,69,0,4.94,clear sky
277,Terme,TR,41.21,36.97,73.4,78,20,5.82,few clouds
278,Natal,BR,-5.79,-35.21,78.8,78,40,14.99,scattered clouds
279,Coos Bay,US,43.37,-124.22,80.01,72,1,19.46,clear sky
280,Manggar,ID,-2.88,108.27,80.55,84,92,10.38,overcast clouds
281,Mercedes,AR,-34.65,-59.43,62.01,28,0,3.0,clear sky
282,Hofn,IS,64.25,-15.21,50.22,73,55,3.85,broken clouds
283,Jiexiu,CN,37.02,111.91,69.31,74,81,3.02,broken clouds
284,Asau,RO,46.43,26.4,61.0,92,0,2.59,clear sky
285,Aron,IN,24.38,77.42,74.59,95,100,14.79,overcast clouds
286,Port Augusta,AU,-32.5,137.77,42.01,93,67,5.82,broken clouds
287,General Roca,AR,-39.03,-67.58,71.6,26,0,2.24,clear sky
288,Coquimbo,CL,-29.95,-71.34,51.8,87,90,8.05,overcast clouds
289,Souillac,MU,-20.52,57.52,71.6,73,40,11.41,scattered clouds
290,Salinopolis,BR,-0.61,-47.36,80.78,80,0,11.99,clear sky
291,Amarante Do Maranhao,BR,-5.57,-46.74,88.39,31,73,1.83,broken clouds
292,Barstow,US,34.9,-117.02,104.0,19,1,5.82,clear sky
293,Sao Jose Da Coroa Grande,BR,-8.9,-35.15,74.53,85,20,8.08,light rain
294,Kruisfontein,ZA,-34.0,24.73,52.12,91,0,6.4,clear sky
295,Limon,CR,10.0,-83.03,86.0,70,41,8.05,light rain
296,Chrzanow,PL,50.14,19.4,66.0,91,97,1.01,light rain
297,Dmitriyevka,RU,54.75,55.33,53.6,93,90,4.47,mist
298,Zyryanka,RU,65.75,150.85,38.57,82,100,12.35,overcast clouds
299,Puerto Quijarro,BO,-17.78,-57.77,65.91,36,52,4.83,broken clouds
300,Valleyview,CA,55.07,-117.29,68.14,38,77,16.37,broken clouds
301,Syasstroy,RU,60.14,32.57,62.06,74,85,11.99,overcast clouds
302,Beisfjord,NO,68.38,17.6,59.0,100,100,9.17,light rain
303,Asasa,ET,7.1,39.2,54.5,82,100,1.3,overcast clouds
304,Sao Filipe,CV,14.9,-24.5,79.18,79,30,1.72,scattered clouds
305,Juneau,US,58.3,-134.42,59.0,87,90,5.82,overcast clouds
306,Ayni,TJ,39.39,68.54,69.44,24,0,3.83,clear sky
307,Amahai,ID,-3.33,128.92,76.06,85,59,4.41,light rain
308,Loandjili,CG,-4.76,11.86,75.2,83,75,1.12,broken clouds
309,Pemangkat,ID,1.17,108.97,78.15,86,100,4.05,moderate rain
310,Eydhafushi,MV,5.1,73.07,83.88,65,0,3.91,clear sky
311,Timbiqui,CO,2.77,-77.67,79.38,83,95,9.19,light rain
312,Vrangel,RU,42.73,133.08,63.07,76,4,3.96,clear sky
313,Formosa,AR,-26.18,-58.18,69.8,28,0,10.29,clear sky
314,Lorengau,PG,-2.02,147.27,80.83,78,74,1.39,broken clouds
315,Rosarito,MX,32.33,-117.03,87.8,55,1,13.87,clear sky
316,Tokoroa,NZ,-38.23,175.87,55.0,88,90,3.85,light rain
317,Simpang,ID,-1.27,104.08,75.67,90,98,3.31,overcast clouds
318,Ahuimanu,US,21.44,-157.84,86.0,62,1,10.29,clear sky
319,Berlevag,NO,70.86,29.09,59.94,75,74,18.68,broken clouds
320,Muisne,EC,0.6,-80.03,80.6,78,75,10.29,broken clouds
321,Bengkulu,ID,-3.8,102.27,75.38,88,53,4.38,broken clouds
322,Picos,BR,-7.08,-41.47,88.27,24,1,4.72,clear sky
323,Igarka,RU,67.47,86.58,54.45,79,100,6.22,overcast clouds
324,Tacarigua,VE,10.09,-67.92,76.66,85,78,4.99,moderate rain
325,San Jose,US,37.34,-121.89,93.99,35,75,8.05,smoke
326,Gushikawa,JP,26.35,127.87,78.8,94,1,4.7,light rain
327,Kuusamo,FI,65.97,29.18,60.8,82,90,14.99,overcast clouds
328,Male,MV,4.17,73.51,84.2,79,20,3.36,few clouds
329,Verkhnevilyuysk,RU,63.45,120.32,38.62,80,0,2.64,clear sky
330,Vitoria Da Conquista,BR,-14.87,-40.84,66.04,87,31,10.42,scattered clouds
331,Avera,US,33.19,-82.53,80.6,88,75,4.7,broken clouds
332,Channel-Port Aux Basques,CA,47.57,-59.14,62.92,71,0,12.59,clear sky
333,Birao,CF,10.28,22.79,72.75,94,65,5.53,light rain
334,Bewar,IN,27.22,79.3,79.05,85,8,10.18,clear sky
335,Lerwick,GB,60.15,-1.15,53.6,100,90,6.93,overcast clouds
336,Vestmannaeyjar,IS,63.44,-20.27,52.32,76,15,4.76,few clouds
337,Puerto Escondido,MX,15.85,-97.07,86.0,66,75,7.07,broken clouds
338,Tashigang,BT,27.33,91.55,66.87,70,32,3.02,scattered clouds
339,Sistranda,NO,63.73,8.83,59.0,93,75,4.7,broken clouds
340,Markova,UA,48.68,24.41,64.17,85,0,3.4,clear sky
341,Sobolevo,RU,54.43,31.9,55.8,90,56,5.03,broken clouds
342,Filingue,NE,14.35,3.32,89.02,47,95,9.19,overcast clouds
343,Saint-Augustin,CA,51.23,-58.65,64.8,62,96,4.07,overcast clouds
344,Tura,IN,25.52,90.22,72.95,97,36,4.52,light rain
345,La Ronge,CA,55.1,-105.28,60.8,82,90,18.34,overcast clouds
346,Padang,ID,-0.95,100.35,77.88,78,100,3.22,light rain
347,Ocos,GT,14.51,-92.19,77.0,100,90,10.29,thunderstorm with heavy rain
348,Balasheyka,RU,53.28,48.09,51.71,91,2,6.29,clear sky
349,Tonekabon,IR,36.82,50.87,73.4,94,90,2.24,overcast clouds
350,Geraldton,AU,-28.77,114.6,59.0,87,90,1.12,overcast clouds
351,Cabo San Lucas,MX,22.89,-109.91,89.6,55,5,9.17,clear sky
352,Muzhi,RU,65.37,64.67,49.53,84,9,9.8,clear sky
353,Sarahan,IN,31.52,77.8,59.79,72,3,0.98,clear sky
354,Aquiraz,BR,-3.9,-38.39,80.6,69,12,16.11,few clouds
355,Cam Ranh,VN,11.92,109.16,82.4,69,40,2.24,scattered clouds
356,Kargasok,RU,59.06,80.86,50.99,96,62,6.06,broken clouds
357,Inhambane,MZ,-23.86,35.38,63.23,78,1,4.05,clear sky
358,San Cristobal,VE,7.77,-72.22,93.2,36,40,24.16,scattered clouds
359,Egvekinot,RU,66.32,-179.17,48.31,91,100,10.83,light rain
360,Axim,GH,4.87,-2.24,75.11,90,16,6.24,few clouds
361,Santa Isabel Do Rio Negro,BR,-0.41,-65.02,85.8,65,2,1.81,light rain
362,Sipe Sipe,BO,-17.45,-66.38,78.8,33,20,4.7,few clouds
363,Svetlyy,RU,54.67,20.13,69.8,88,75,8.95,broken clouds
364,Batagay,RU,67.63,134.63,35.91,84,83,2.39,broken clouds
365,Leshukonskoye,RU,64.9,45.76,56.71,93,14,3.83,few clouds
366,Belogorsk,RU,50.92,128.46,57.96,94,0,3.47,clear sky
367,Fonte Boa,BR,-2.5,-66.27,85.33,48,0,2.98,clear sky
368,Porto Velho,BR,-8.76,-63.9,78.8,41,0,5.82,clear sky
369,Komsomolskiy,UZ,40.43,71.72,71.6,46,0,6.93,clear sky
370,Deer Lake,CA,49.17,-57.43,66.2,52,20,11.41,few clouds
371,Collie,AU,-33.37,116.15,48.99,86,42,3.33,scattered clouds
372,Port Lincoln,AU,-34.73,135.87,48.87,70,75,11.52,broken clouds
373,Bolu,TR,40.67,31.58,58.55,78,0,0.87,clear sky
374,Rocha,UY,-34.48,-54.33,50.7,69,0,5.68,clear sky
375,Provideniya,RU,64.38,-173.3,50.5,87,100,5.3,light rain
376,Abu Dhabi,AE,24.47,54.37,96.8,71,100,3.36,overcast clouds
377,Cap-Aux-Meules,CA,47.38,-61.86,68.0,60,20,12.75,few clouds
378,Shar,KZ,49.59,81.05,67.37,33,100,6.8,overcast clouds
379,Singaparna,ID,-7.35,108.11,69.84,91,48,1.36,scattered clouds
380,Taoudenni,ML,22.68,-3.98,107.58,7,45,11.68,scattered clouds
381,Srednekolymsk,RU,67.45,153.68,36.66,90,100,12.08,overcast clouds
382,Pryozerne,UA,45.27,36.33,72.81,66,68,10.69,broken clouds
383,Richards Bay,ZA,-28.78,32.04,65.08,70,0,13.18,clear sky
384,Sundargarh,IN,22.12,84.03,77.4,89,100,3.89,moderate rain
385,Coxim,BR,-18.51,-54.76,67.73,37,100,7.02,overcast clouds
386,Uga,NG,5.94,7.08,74.1,94,100,6.08,light rain
387,San Patricio,MX,19.22,-104.7,89.6,75,75,11.41,broken clouds
388,Portland,US,45.52,-122.68,78.01,53,75,8.05,broken clouds
389,Acapulco,MX,16.86,-99.89,86.0,74,40,6.93,scattered clouds
390,Sangar,RU,63.92,127.47,40.01,77,34,2.01,scattered clouds
391,Balkhash,KZ,46.84,74.98,69.66,44,100,6.06,overcast clouds
392,Chegdomyn,RU,51.12,133.02,59.34,95,100,1.61,overcast clouds
393,Puerto Del Rosario,ES,28.5,-13.86,78.8,69,0,14.99,clear sky
394,Katsuura,JP,35.13,140.3,78.01,87,100,3.0,moderate rain
395,Sohag,EG,26.56,31.69,86.0,37,0,6.93,clear sky
396,Homer,US,59.64,-151.55,63.0,72,1,8.05,clear sky
397,Tanabe,JP,33.73,135.37,75.0,92,81,4.52,broken clouds
398,Velikiy Novgorod,RU,58.52,31.28,66.61,63,99,12.64,overcast clouds
399,Oktyabrskiy,RU,54.48,53.47,49.69,89,0,2.95,clear sky
400,Bonthe,SL,7.53,-12.51,75.76,93,100,7.76,light rain
401,Rumoi,JP,43.93,141.64,59.13,81,4,5.7,clear sky
402,Porto Novo,BJ,6.5,2.6,77.0,88,20,8.05,few clouds
403,Peniche,PT,39.36,-9.38,66.99,85,0,7.0,clear sky
404,Sept-Iles,CA,50.2,-66.38,62.01,59,40,9.17,scattered clouds
405,Faanui,PF,-16.48,-151.75,77.2,78,6,22.91,clear sky
406,Lazaro Cardenas,MX,17.96,-102.2,85.06,71,0,7.2,clear sky
407,Port Moresby,PG,-9.44,147.18,73.4,94,40,5.82,scattered clouds
408,Ilulissat,GL,69.22,-51.1,46.4,61,0,2.24,clear sky
409,Hobyo,SO,5.35,48.53,75.94,81,94,24.32,overcast clouds
410,Puerto Ayacucho,VE,5.66,-67.62,84.2,66,75,8.05,shower rain
411,Shingu,JP,33.73,135.98,74.8,87,94,4.72,overcast clouds
412,Sao Joao Da Barra,BR,-21.64,-41.05,64.4,93,90,17.22,light rain
413,Santa Marta,CO,11.24,-74.2,89.6,70,75,6.93,broken clouds
414,Pathein,MM,16.78,94.73,77.68,90,100,5.68,light rain
415,Porto Nacional,BR,-10.71,-48.42,95.0,32,75,4.7,broken clouds
416,Olafsvik,IS,64.89,-23.71,51.1,67,24,7.49,few clouds
417,Erzincan,TR,39.75,39.5,60.8,63,75,16.11,broken clouds
418,Batagay-Alyta,RU,67.8,130.41,35.46,84,96,1.1,overcast clouds
419,Haverfordwest,GB,51.8,-4.97,64.99,82,93,32.21,overcast clouds
420,San Julian,MX,21.02,-102.17,76.14,47,30,2.77,scattered clouds
421,Arman,RU,59.7,150.17,47.23,55,97,11.97,overcast clouds
422,Wagar,SD,16.15,36.2,90.19,52,100,12.97,overcast clouds
423,Rexburg,US,43.83,-111.79,86.0,23,75,8.05,haze
424,Matagami,CA,49.75,-77.63,71.6,56,1,4.99,clear sky
425,Rivera,UY,-30.91,-55.55,52.25,66,0,5.19,clear sky
426,Saint Anthony,US,45.02,-93.22,87.01,58,1,6.93,clear sky
427,Vostok,RU,46.49,135.88,52.05,89,100,3.15,overcast clouds
428,College,US,64.86,-147.8,72.0,49,40,10.29,scattered clouds
429,Burgeo,CA,47.62,-57.62,64.56,67,2,15.5,clear sky
430,Etla,MX,17.06,-96.79,78.8,47,75,3.36,broken clouds
431,Le Plessis-Robinson,FR,48.78,2.27,71.01,56,100,9.17,overcast clouds
432,Biak,ID,-0.91,122.88,75.96,81,75,7.99,broken clouds
433,Del Rio,US,29.36,-100.9,98.6,35,1,12.75,clear sky
434,Olinda,BR,-8.01,-34.86,75.2,88,75,5.82,light rain
435,Umm Lajj,SA,25.02,37.27,83.46,67,0,5.73,clear sky
436,Rio Claro,BR,-22.41,-47.56,64.4,63,75,17.22,broken clouds
437,Kisii,KE,-0.68,34.77,60.21,87,99,6.85,overcast clouds
438,Kirakira,SB,-10.45,161.92,81.63,80,100,10.51,overcast clouds
439,Ola,RU,59.58,151.28,47.23,56,100,11.27,overcast clouds
440,Namibe,AO,-15.2,12.15,63.63,85,5,6.31,clear sky
441,Delijan,IR,33.99,50.68,76.05,17,0,4.85,clear sky
442,Chumikan,RU,54.72,135.31,54.54,82,95,4.56,overcast clouds
443,Esna,EG,25.29,32.55,87.8,40,0,5.82,clear sky
444,Moron,AR,-34.65,-58.62,62.01,28,0,5.01,clear sky
445,Pergamino,AR,-33.89,-60.57,63.0,28,0,1.01,clear sky
446,Kloulklubed,PW,7.04,134.26,75.2,94,75,2.89,broken clouds
447,Les Ponts-De-Ce,FR,47.42,-0.52,64.99,77,100,8.05,overcast clouds
448,Invermere,CA,50.52,-116.04,72.0,35,0,1.99,clear sky
449,Mackay,AU,-21.15,149.2,51.8,66,29,9.17,scattered clouds
450,Khromtau,KZ,50.25,58.43,58.06,72,66,7.54,broken clouds
451,Xiongzhou,CN,25.12,114.3,76.03,86,20,2.04,light rain
452,Mwingi,KE,-0.93,38.06,65.44,72,96,10.63,overcast clouds
453,Kununurra,AU,-15.77,128.73,66.2,25,6,2.24,clear sky
454,Labuhan,ID,-6.88,112.21,76.03,85,3,7.52,clear sky
455,Huarmey,PE,-10.07,-78.15,66.92,67,39,11.07,scattered clouds
456,Arkhangelsk,RU,64.54,40.54,55.4,100,20,4.47,few clouds
457,Sirathu,IN,25.65,81.32,79.2,85,2,6.78,clear sky
458,Bubaque,GW,11.28,-15.83,80.62,82,57,10.25,broken clouds
459,Curitibanos,BR,-27.28,-50.58,46.15,80,0,4.34,clear sky
460,Ambovombe,MG,-25.17,46.08,64.27,81,2,14.09,clear sky
461,Palu,ID,-0.89,119.87,74.43,77,83,2.95,broken clouds
462,Urambo,TZ,-5.07,32.05,75.33,37,100,4.0,overcast clouds
463,Rosario,AR,-32.95,-60.64,66.2,16,0,14.99,clear sky
464,Havre-Saint-Pierre,CA,50.23,-63.6,60.8,67,1,16.11,clear sky
465,Kamenka,RU,51.32,42.77,57.0,68,83,1.99,broken clouds
466,Lahaina,US,20.88,-156.68,84.2,74,75,16.11,broken clouds
467,Mehamn,NO,71.04,27.85,59.79,76,68,14.94,broken clouds
468,Nizhniy Odes,RU,63.64,54.86,48.58,92,14,3.89,few clouds
469,Camana,PE,-16.62,-72.71,62.13,74,63,5.48,broken clouds
470,Takoradi,GH,4.88,-1.76,75.09,90,14,6.58,few clouds
471,Boyuibe,BO,-20.42,-63.28,65.97,26,4,8.77,clear sky
472,Pedreira,BR,-22.74,-46.9,64.99,63,40,20.8,scattered clouds
473,Oro Valley,US,32.39,-110.97,99.0,37,88,3.0,overcast clouds
474,Bodesti,RO,47.03,26.42,68.0,37,0,3.18,clear sky
475,Karlstad,SE,59.38,13.5,62.01,87,75,14.99,light intensity drizzle
476,Codajas,BR,-3.84,-62.06,92.73,31,0,2.51,clear sky
477,Ono,JP,34.85,134.93,77.0,83,75,3.36,broken clouds
478,Shenjiamen,CN,29.96,122.3,79.74,86,0,5.91,clear sky
479,Palmer,US,42.16,-72.33,87.01,42,40,14.99,scattered clouds
480,Wajima,JP,37.4,136.9,76.5,84,100,9.86,overcast clouds
481,The Pas,CA,53.83,-101.25,59.0,82,90,11.88,overcast clouds
482,Yulara,AU,-25.24,130.99,48.2,45,0,6.93,clear sky
483,Zhongxing,CN,33.7,118.68,73.08,95,20,5.26,few clouds
484,Pangoa,PE,-12.12,-73.0,69.69,62,64,3.11,broken clouds
485,Dalby,AU,-27.18,151.27,39.0,73,0,8.63,clear sky
486,Ambulu,ID,-8.35,113.61,72.3,90,10,3.36,clear sky
487,Camiri,BO,-20.05,-63.52,66.85,26,6,8.03,clear sky
488,Teyateyaneng,LS,-29.15,27.75,41.25,63,0,1.39,clear sky
489,Milagres,BR,-7.31,-38.95,84.52,26,90,7.65,overcast clouds
490,Khasan,RU,42.43,130.64,64.38,93,96,7.09,overcast clouds
491,Anaco,VE,9.44,-64.47,81.91,80,85,2.01,light rain
492,Usinsk,RU,65.99,57.53,46.94,91,57,8.25,broken clouds
493,Rio Gallegos,AR,-51.62,-69.22,53.6,54,75,13.87,broken clouds
494,Mae Sai,TH,20.43,99.88,75.2,100,75,1.12,light rain
495,Tuy Hoa,VN,13.08,109.3,78.08,83,100,6.51,overcast clouds
496,Bumba,CD,2.18,22.47,72.28,94,100,4.65,light rain
497,Dolinsk,RU,47.35,142.8,50.0,93,40,2.24,mist
498,Panacan,PH,9.25,118.41,80.74,77,80,3.15,broken clouds
499,Hasaki,JP,35.73,140.83,77.0,94,75,8.05,light intensity shower rain
500,Barinitas,VE,8.76,-70.41,76.3,84,36,4.25,moderate rain
501,Piranhas,BR,-16.43,-51.82,75.56,44,83,11.97,broken clouds
502,Waitati,NZ,-45.75,170.57,48.0,92,98,18.01,overcast clouds
503,Vila Velha,BR,-20.33,-40.29,64.4,93,90,13.87,mist
504,Hambantota,LK,6.12,81.12,78.8,100,40,4.7,scattered clouds
505,Bilibino,RU,68.05,166.44,41.22,89,100,3.62,light rain
506,Husavik,IS,66.04,-17.34,48.2,81,0,11.41,clear sky
507,Kuznechnoye,RU,61.12,29.87,64.0,72,98,8.7,overcast clouds
508,Zambezi,ZM,-13.54,23.1,67.44,33,0,6.51,clear sky
509,Yerbogachen,RU,61.28,108.01,48.42,66,36,5.57,scattered clouds
510,Algiers,DZ,36.75,3.04,80.6,83,92,4.7,overcast clouds
511,Sambava,MG,-14.27,50.17,69.35,79,26,12.64,scattered clouds
512,Pangai,TO,-19.8,-174.35,77.99,86,15,13.58,few clouds
513,Riyadh,SA,24.69,46.72,96.8,14,59,4.7,broken clouds
514,Erenhot,CN,43.65,111.98,65.86,70,99,2.04,overcast clouds
515,Coihaique,CL,-45.58,-72.07,51.8,62,75,9.17,broken clouds
516,Russell,US,32.35,-85.2,89.6,52,75,5.12,broken clouds
517,Warner Robins,US,32.62,-83.6,87.8,62,20,12.75,few clouds
518,Razole,IN,16.48,81.83,79.41,91,50,5.68,moderate rain
519,Nikki,BJ,9.94,3.21,72.1,92,88,3.49,overcast clouds
520,Sao Geraldo Do Araguaia,BR,-6.4,-48.55,90.9,31,61,2.53,broken clouds
521,Portree,GB,57.41,-6.19,54.0,89,49,8.99,scattered clouds
522,Havoysund,NO,71.0,24.66,64.4,72,19,25.28,few clouds
523,Grand Forks,US,47.93,-97.03,84.2,51,20,5.82,few clouds
524,Yilan,TW,24.76,121.75,80.6,88,75,12.75,light intensity shower rain
525,Dhidhdhoo,MV,6.88,73.1,83.35,71,7,7.02,clear sky
526,Araguaina,BR,-7.19,-48.21,91.69,28,24,5.88,few clouds
527,Avenal,US,36.0,-120.13,98.01,31,99,3.0,overcast clouds
528,Pingxiang,CN,27.62,113.85,76.01,86,0,1.32,light rain
529,Biggar,GB,55.62,-3.52,57.99,75,8,1.01,clear sky
530,Araouane,ML,18.9,-3.53,103.05,16,98,14.9,overcast clouds
531,Santa Rosa,PH,14.31,121.11,80.6,88,100,4.7,overcast clouds
532,Gangtok,IN,27.33,88.62,64.85,77,57,1.03,light rain
533,Minervino Murge,IT,41.08,16.08,82.0,47,0,4.7,clear sky
534,Rio De Jesus,PA,7.98,-81.16,76.86,92,100,7.05,light rain
535,Margate,GB,51.38,1.39,66.0,78,38,1.99,scattered clouds
536,Voznesenye,RU,61.01,35.48,61.47,77,100,7.76,overcast clouds
537,Ihosy,MG,-22.4,46.12,59.25,89,64,9.48,broken clouds
538,Loukhi,RU,66.08,33.04,60.8,77,61,9.04,broken clouds
539,Iacu,BR,-12.77,-40.21,77.74,58,9,8.5,clear sky
540,Puerto Rico,AR,-26.8,-55.02,59.83,51,0,3.04,clear sky
541,Naze,JP,28.37,129.48,84.2,83,75,3.36,broken clouds
542,Sile,TR,41.18,29.61,73.0,76,0,4.94,clear sky
543,Athabasca,CA,54.72,-113.29,59.13,85,100,9.46,light rain
544,Kismayo,SO,-0.36,42.55,76.95,80,57,18.14,broken clouds
545,Tefe,BR,-3.35,-64.71,73.4,73,90,4.7,overcast clouds
546,Adamas,GR,36.73,24.43,78.8,54,0,10.29,clear sky
547,Altamont,US,42.21,-121.74,86.0,36,20,4.7,haze
548,Tshikapa,CD,-6.42,20.8,76.57,68,64,2.44,broken clouds
549,Rawson,AR,-43.3,-65.1,64.2,29,0,5.21,clear sky
550,Kirgiz-Miyaki,RU,53.63,54.8,48.78,93,0,3.8,clear sky
551,Chippewa Falls,US,44.94,-91.39,80.01,69,1,6.31,clear sky
552,Laguna,US,38.42,-121.42,93.99,36,40,2.86,haze
553,Wanning,CN,18.8,110.4,78.73,84,13,2.91,few clouds
554,Becerril,CO,9.7,-73.28,82.31,81,99,0.63,light rain
555,Nehe,CN,48.48,124.83,57.25,69,98,6.49,overcast clouds
556,Kempele,FI,64.91,25.5,63.0,93,90,9.17,overcast clouds
557,Beringovskiy,RU,63.05,179.32,53.64,84,81,8.03,broken clouds
558,Port-Cartier,CA,50.03,-66.87,62.6,59,75,8.05,broken clouds
559,Leningradskiy,RU,69.38,178.42,47.82,80,3,4.25,clear sky
560,Keti Bandar,PK,24.14,67.45,85.12,85,100,13.62,overcast clouds
561,Mayumba,GA,-3.43,10.66,73.17,87,33,3.13,scattered clouds
562,La Rioja,ES,42.25,-2.5,68.0,72,75,8.05,broken clouds
563,Matay,EG,28.42,30.78,83.73,45,0,20.13,clear sky
564,Xuddur,SO,4.12,43.89,73.99,60,100,17.74,overcast clouds
565,Gorontalo,ID,0.54,123.06,75.69,89,83,5.84,broken clouds
566,Caranavi,BO,-15.82,-67.55,64.92,58,59,3.76,broken clouds
567,Ust-Kuyga,RU,70.02,135.6,39.74,92,100,1.63,light rain
568,Palana,RU,59.12,159.97,46.26,81,98,7.58,overcast clouds
569,Nalut,LY,30.33,10.85,83.16,20,0,13.4,clear sky
570,Burnie,AU,-41.07,145.92,44.01,71,17,21.99,few clouds
571,Mandan,US,46.83,-100.89,93.99,27,1,5.82,clear sky
572,Puro,PH,12.48,123.38,80.29,84,82,1.25,moderate rain
573,Santa Maria,BR,-29.68,-53.81,62.6,45,0,11.41,clear sky
574,Ginda,IN,30.69,78.49,64.6,90,78,1.32,light rain
575,Methoni,GR,36.82,21.7,82.99,57,0,8.37,clear sky
576,Caconda,AO,-13.73,15.07,65.23,28,90,5.97,overcast clouds
577,Morgan City,US,29.7,-91.21,91.0,52,75,3.33,broken clouds
578,Jaguaruna,BR,-28.61,-49.03,52.09,79,0,3.51,clear sky
579,Ndele,CF,8.41,20.65,70.7,97,100,2.33,moderate rain
580,Raudeberg,NO,61.99,5.14,55.99,93,100,22.73,light rain
581,Maldonado,UY,-34.67,-54.92,57.2,41,0,10.29,clear sky
582,Nanyang,CN,32.99,112.53,70.05,96,43,4.74,scattered clouds
583,Lamar,US,33.67,-95.58,96.01,41,75,4.7,broken clouds
584,Iqaluit,CA,63.75,-68.51,48.2,70,20,6.93,few clouds
585,Disna,BY,55.57,28.2,60.12,89,77,10.36,broken clouds
586,Cheyenne,US,41.14,-104.82,93.0,8,1,9.17,haze
587,Krasnoselkup,RU,65.7,82.47,52.84,69,89,8.05,overcast clouds
588,Moose Factory,CA,51.26,-80.61,66.2,72,1,11.41,clear sky
589,Iralaya,HN,15.0,-83.23,91.4,66,40,10.02,scattered clouds
590,Marsh Harbour,BS,26.54,-77.06,84.96,76,36,15.41,scattered clouds
591,Jever,DE,53.58,7.9,62.6,88,40,6.93,scattered clouds
592,Nakusp,CA,50.25,-117.8,72.0,46,19,4.0,few clouds
593,Bafoulabe,ML,13.81,-10.83,78.66,88,93,6.82,light rain
594,Bulgan,MN,48.81,103.53,52.7,68,30,3.74,scattered clouds
595,Wenling,CN,28.37,121.36,82.0,61,0,7.92,clear sky
596,Alvaraes,BR,-3.22,-64.8,73.4,73,90,4.7,overcast clouds
597,Ahipara,NZ,-35.17,173.17,58.32,87,25,8.3,scattered clouds
598,Dolores,AR,-36.31,-57.68,53.11,63,0,9.48,clear sky
599,Astana,KZ,51.18,71.45,46.4,100,24,4.47,mist
600,Haines Junction,CA,60.75,-137.51,63.99,69,100,1.1,overcast clouds
601,Tucuman,AR,-26.82,-65.22,69.8,18,0,16.11,smoke
602,Lagoa,PT,39.05,-27.98,72.55,80,70,10.18,broken clouds
603,Evansville,US,37.97,-87.56,80.01,78,75,5.82,broken clouds
604,Yarmouth,US,41.71,-70.23,81.0,61,1,9.17,clear sky
605,Port Hawkesbury,CA,45.62,-61.35,71.01,49,20,8.05,few clouds
606,Moscow,RU,55.75,37.62,63.0,77,69,2.24,broken clouds
607,Ajdabiya,LY,30.76,20.23,76.78,66,0,14.14,clear sky
608,Yenangyaung,MM,20.47,94.88,76.77,88,97,7.43,overcast clouds
609,Mount Gambier,AU,-37.83,140.77,42.8,93,40,8.05,scattered clouds
610,Muhos,FI,64.81,25.99,63.0,93,90,9.17,overcast clouds
611,Trinidad,BO,-14.83,-64.9,71.6,33,75,4.7,broken clouds
612,Ponnani,IN,10.77,75.93,77.0,88,20,3.36,mist
613,Lalmohan,BD,22.34,90.74,80.85,86,100,6.87,moderate rain
614,Buta,CD,2.79,24.73,71.47,98,100,3.29,moderate rain
615,High Level,CA,58.52,-117.14,57.2,93,90,9.17,overcast clouds
616,Ashikaga,JP,36.33,139.45,77.0,87,100,3.0,overcast clouds
617,Yumen,CN,40.28,97.2,65.44,39,8,10.6,clear sky
618,Nome,US,64.5,-165.41,55.0,93,90,11.41,light rain
619,Saint-Louis,SN,16.33,-15.0,89.44,59,95,20.51,light rain
620,Sioux Lookout,CA,50.1,-91.92,73.4,78,90,8.05,thunderstorm with light rain
621,Barras,BR,-4.24,-42.29,85.05,49,31,3.47,scattered clouds
622,Orocue,CO,4.79,-71.34,74.75,92,100,5.39,moderate rain
623,Viedma,AR,-40.81,-63.0,66.0,25,0,5.01,clear sky
624,Udala,ES,43.08,-2.51,61.0,90,99,3.0,overcast clouds
625,Terekli-Mekteb,RU,44.17,45.87,63.99,72,93,9.22,overcast clouds
626,Acarau,BR,-2.89,-40.12,78.8,73,4,16.44,clear sky
627,Urucara,BR,-2.54,-57.76,95.81,28,10,4.38,clear sky
628,Ohara,JP,35.25,140.38,78.01,94,75,8.05,light intensity shower rain
629,Hagenow,DE,53.43,11.18,61.0,92,11,4.0,few clouds
630,San Juan Del Sur,NI,11.25,-85.87,78.8,88,75,14.5,broken clouds
631,Dire Dawa,ET,9.59,41.87,72.09,61,25,22.62,scattered clouds
632,Zhongshu,CN,24.52,103.77,60.76,93,88,1.03,overcast clouds
633,Erfurt,DE,50.98,11.03,66.2,68,36,11.41,light rain
634,Yar-Sale,RU,66.83,70.83,48.74,93,0,10.29,clear sky
635,Taylorville,US,39.55,-89.29,84.0,45,1,5.59,clear sky
636,Nishihara,JP,26.18,127.76,78.8,94,75,5.82,shower rain
637,Flin Flon,CA,54.77,-101.86,60.8,67,75,10.29,broken clouds
638,Goure,NE,13.98,10.27,81.0,69,88,1.99,overcast clouds
639,Ugu,IN,26.78,80.33,80.6,88,75,3.36,mist
640,Ponoka,CA,52.68,-113.58,66.2,52,20,9.17,few clouds
641,Namatanai,PG,-3.67,152.43,79.09,80,74,3.85,moderate rain
642,Kattivakkam,IN,13.22,80.32,82.4,88,75,11.41,drizzle
643,Catamarca,AR,-28.47,-65.79,64.99,28,0,8.01,clear sky
644,Badamdar,AZ,40.34,49.8,69.8,83,40,32.21,scattered clouds
645,Kalmunai,LK,7.42,81.82,80.38,75,40,12.66,scattered clouds
646,Berea,US,41.37,-81.85,84.99,48,20,9.17,few clouds
647,Mount Isa,AU,-20.73,139.5,55.4,49,6,10.29,clear sky
648,Taltal,CL,-25.4,-70.48,58.53,62,45,3.02,scattered clouds
649,Pietarsaari,FI,63.65,22.68,64.4,93,75,13.87,shower rain
650,Arlit,NE,18.74,7.39,99.27,24,63,7.47,broken clouds
651,Gandorhun,SL,7.5,-11.83,73.9,97,100,4.65,light rain
652,Cooma,AU,-36.23,149.13,33.8,69,40,18.34,scattered clouds
653,Bereda,ES,43.27,-7.54,62.01,89,9,3.0,clear sky
654,Otaru,JP,43.19,141.0,61.0,96,0,2.24,clear sky
655,Ambon,ID,-3.7,128.18,75.2,94,40,2.24,light rain
656,Daru,PG,-9.08,143.21,76.57,79,54,11.16,broken clouds
657,Hovd,MN,48.01,91.64,57.31,55,96,1.5,overcast clouds
658,Luwuk,ID,-0.95,122.79,76.42,79,80,6.73,broken clouds
659,Byron Bay,AU,-28.65,153.62,51.8,57,0,8.05,clear sky
660,Dakar,SN,14.69,-17.44,82.4,78,40,6.93,scattered clouds
661,Mayor Pablo Lagerenza,PY,-19.93,-60.77,60.44,40,69,4.05,broken clouds
662,Bosconia,CO,9.97,-73.88,82.72,82,70,2.08,moderate rain
663,San Luis,AR,-33.3,-66.34,65.19,24,0,15.43,clear sky
664,Sabang,ID,5.89,95.32,81.73,77,89,9.78,overcast clouds
665,Carandai,BR,-20.95,-43.81,53.6,87,90,8.05,mist
666,Kazachinskoye,RU,57.7,93.28,50.72,96,62,3.53,broken clouds
667,Santo Antonio Do Ica,BR,-3.1,-67.94,83.43,50,0,3.65,clear sky
668,Hay River,CA,60.82,-115.8,59.0,77,75,17.22,broken clouds
669,Morondava,MG,-20.28,44.28,71.94,61,0,9.37,clear sky
670,Chandauli,IN,25.27,83.27,80.33,82,93,5.79,overcast clouds
671,Naryan-Mar,RU,67.67,53.09,49.6,86,50,3.94,scattered clouds
672,Kuandian,CN,40.73,124.78,66.49,95,100,2.19,light rain
673,Nouadhibou,MR,20.93,-17.03,73.4,83,0,17.22,clear sky
674,Erdenet,MN,49.03,104.08,52.02,80,43,3.44,scattered clouds
675,San-Pedro,CI,4.75,-6.64,75.16,90,53,8.3,broken clouds
676,Milkovo,RU,54.72,158.62,51.39,76,96,9.57,overcast clouds
677,Antalaha,MG,-14.9,50.28,66.43,82,13,7.9,few clouds
678,Gobabis,NA,-22.45,18.97,55.08,39,0,11.52,clear sky
679,Nizwa,OM,22.93,57.53,85.53,53,100,5.7,overcast clouds
680,Luganville,VU,-15.53,167.17,73.4,94,40,7.07,scattered clouds
681,Chlorakas,CY,34.8,32.41,75.2,47,0,3.36,clear sky
682,Tiznit,MA,29.58,-9.5,91.18,25,72,1.48,light rain
683,Kurchum,KZ,48.57,83.65,62.91,36,37,6.69,scattered clouds
684,Naerbo,NO,58.67,5.65,55.99,99,98,5.99,light rain
685,Pindobacu,BR,-10.74,-40.36,75.25,51,0,6.15,clear sky
686,Waipawa,NZ,-41.41,175.52,51.01,87,100,3.36,overcast clouds
687,Chabahar,IR,25.29,60.64,84.2,83,57,6.93,broken clouds
688,Prachuap Khiri Khan,TH,11.82,99.78,79.05,79,94,6.8,overcast clouds
689,Pemberton,CA,50.32,-122.8,62.6,55,75,2.24,broken clouds
690,Caravelas,BR,-17.71,-39.25,71.31,75,100,11.81,overcast clouds
691,Alta Floresta,BR,-9.88,-56.09,93.9,19,0,2.84,clear sky
692,Mandurah,AU,-32.55,115.7,59.0,75,85,3.0,overcast clouds
